generation,bestRecord,genBestRecord,avgReward
0,-0.001861349,0,-303.5878
1,619.8174,619.8174,-3.767037
